{"input_data_dict": [{"data_name": "25", "data_dims": [2], "data_columns": ["Diametro Rodillo", "Kilos Acumulados Desde Reparacion"], "data_columns_units": ["", ""]}, {"data_name": "26", "data_dims": [1], "data_columns": ["Kilos Remanentes"], "data_columns_units": [""]}], "layers_architecure": [{"tipo": "4", "layer_type": "fully_connected_layer", "color": "#1918DB", "nombre": "fully_connected_layer_0", "input_tensor": "25", "n_hidden_values": "100", "activation_function": "relu", "cost_string": false, "log": false, "salida": false}, {"tipo": "4", "layer_type": "fully_connected_layer", "color": "#5591DC", "nombre": "fully_connected_layer_1", "input_tensor": "layer_output-fully_connected_layer_0", "n_hidden_values": "100", "activation_function": "relu", "cost_string": false, "log": false, "salida": false}, {"tipo": "4", "layer_type": "fully_connected_layer", "color": "#B094AB", "nombre": "fully_connected_layer_2", "input_tensor": "layer_output-fully_connected_layer_1", "n_hidden_values": "1", "activation_function": "none", "cost_string": false, "log": false, "salida": true}, {"tipo": "6", "layer_type": "mean_square_error_layer", "color": "#CCC30C", "nombre": "mean_square_error_layer_3", "input_tensor": "layer_output-fully_connected_layer_2", "labels": "26", "cost_string": true, "log": false, "salida": false}], "training_settings": {"n_epochs": 20000, "batch_size": 100, "learning_rate": 0.001, "print_cost_every_n_batch": 10, "early_stopping": 3, "L1_lambda": 1e-05, "L2_lambda": 0.0, "dropout": 0.0, "training_log_outputs": []}, "trainable_parameters_names": ["trainable_parameter_fully_connected_layer_0_W", "trainable_parameter_fully_connected_layer_0_b", "trainable_parameter_fully_connected_layer_1_W", "trainable_parameter_fully_connected_layer_1_b", "trainable_parameter_fully_connected_layer_2_W", "trainable_parameter_fully_connected_layer_2_b"], "layer_output_names": ["layer_output-fully_connected_layer_1", "layer_output-fully_connected_layer_2", "layer_output-mean_square_error_layer_3", "layer_output-fully_connected_layer_0"], "cost_string": "layer_output-mean_square_error_layer_3", "salida": "layer_output-fully_connected_layer_2", "prediccion": false, "normalize_info": {"25": {"max_data": [180, 21115980], "min_data": [150, 140], "upper_bound": 1.0, "lower_bound": 0.0}, "26": {"max_data": [18832920], "min_data": [0], "upper_bound": 1.0, "lower_bound": 0.0}}}