{"one_hot_encoder_metadata": {"24": [{"nombre_columna": "Nombre Rodillo", "ubicacion": 0, "clases": ["Rodillo 1 superior ESTRUJADOR DESENGRASE", "Rodillo 2 Inferior ESTRUJADOR DESENGRASE", "Rodillo 3 superior ESTRUJADOR ENJUAGUE 1", "Rodillo 4 Inferior ESTRUJADOR ENJUAGUE 1", "Rodillo 6 Inferior ESTRUJADOR ENJUAGUE 2", "Rodillo 7 superior ESTRUJADOR ENJUAGUE 3", "Rodillo 2 Superior ENFRIADOR 1", "Rodillo 5 Superior ENFRIADOR 2", "Rodillo 6 Inferior ENFRIADOR 2", "Rodillo 8 Superior ENFRIADOR 3", "Rodillo 9 Inferior ENFRIADOR 3", "Sin Infromacion"], "ubicacion_clases": [15, 16, 17, 18, 19, 20, 21, 22, 23, 24, 25, 26]}, {"nombre_columna": "Material", "ubicacion": 11, "clases": ["AZ", "S/I", "AL", "ACCO", "GA", "Sin Infromacion"], "ubicacion_clases": [27, 28, 29, 30, 31, 32]}]}, "nombre_etl": "24", "columnas": ["Nombre Rodillo", "Diametro Eje", "Diametro Rodillo", "Largo Rodillo", "KILOS", "DESECHO (KG)", "KILOS TOTALES", "METROS", "METROS TOTALES", "Kilos Totales Op", "Metros Totales Op", "Material", "Desarrollo", "Espesor", "Kilos Acumulados Desde Reparacion", "Metros Acumulados Desde Reparacion", "Metros Remanentes", "Kilos Remanentes"], "informacion_tipos": {"KILOS": "number", "METROS": "number", "Espesor": "number", "Material": "string", "Desarrollo": "number", "DESECHO (KG)": "number", "Diametro Eje": "number", "KILOS TOTALES": "number", "Largo Rodillo": "number", "METROS TOTALES": "number", "Nombre Rodillo": "string", "Diametro Rodillo": "number", "Kilos Remanentes": "number", "Kilos Totales Op": "number", "Metros Remanentes": "number", "Metros Totales Op": "number", "Kilos Acumulados Desde Reparacion": "number", "Metros Acumulados Desde Reparacion": "number"}, "ruta_datos_originales": "/app/colecciones/1721620954691.csv", "operacion_rangos": [], "operacion_seleccion_columnas": {"24": ["Nombre Rodillo", "Diametro Eje", "Diametro Rodillo", "Largo Rodillo", "KILOS", "DESECHO (KG)", "KILOS TOTALES", "METROS", "METROS TOTALES", "Kilos Totales Op", "Metros Totales Op", "Material", "Desarrollo", "Kilos Acumulados Desde Reparacion", "Metros Remanentes", "Kilos Remanentes", "Metros Acumulados Desde Reparacion"]}, "input_data_dict": [{"data_name": "24", "data_dims": [33], "data_columns": ["Diametro Eje", "Diametro Rodillo", "Largo Rodillo", "KILOS", "DESECHO (KG)", "KILOS TOTALES", "METROS", "METROS TOTALES", "Kilos Totales Op", "Metros Totales Op", "Desarrollo", "Kilos Acumulados Desde Reparacion", "Metros Remanentes", "Kilos Remanentes", "Metros Acumulados Desde Reparacion", "Nombre Rodillo_CLASE_Rodillo 1 superior ESTRUJADOR DESENGRASE", "Nombre Rodillo_CLASE_Rodillo 2 Inferior ESTRUJADOR DESENGRASE", "Nombre Rodillo_CLASE_Rodillo 3 superior ESTRUJADOR ENJUAGUE 1", "Nombre Rodillo_CLASE_Rodillo 4 Inferior ESTRUJADOR ENJUAGUE 1", "Nombre Rodillo_CLASE_Rodillo 6 Inferior ESTRUJADOR ENJUAGUE 2", "Nombre Rodillo_CLASE_Rodillo 7 superior ESTRUJADOR ENJUAGUE 3", "Nombre Rodillo_CLASE_Rodillo 2 Superior ENFRIADOR 1", "Nombre Rodillo_CLASE_Rodillo 5 Superior ENFRIADOR 2", "Nombre Rodillo_CLASE_Rodillo 6 Inferior ENFRIADOR 2", "Nombre Rodillo_CLASE_Rodillo 8 Superior ENFRIADOR 3", "Nombre Rodillo_CLASE_Rodillo 9 Inferior ENFRIADOR 3", "Nombre Rodillo_CLASE_Sin Infromacion", "Material_CLASE_AZ", "Material_CLASE_S/I", "Material_CLASE_AL", "Material_CLASE_ACCO", "Material_CLASE_GA", "Material_CLASE_Sin Infromacion"], "data_columns_units": ["", "", "", "", "", "", "", "", "", "", "", "", "", "", "", "", ""], "data_columns_original": ["Nombre Rodillo", "Diametro Eje", "Diametro Rodillo", "Largo Rodillo", "KILOS", "DESECHO (KG)", "KILOS TOTALES", "METROS", "METROS TOTALES", "Kilos Totales Op", "Metros Totales Op", "Material", "Desarrollo", "Kilos Acumulados Desde Reparacion", "Metros Remanentes", "Kilos Remanentes", "Metros Acumulados Desde Reparacion"]}], "metadata_entrada": [{"data_name": "24", "data_input_names": ["Diametro Eje", "Diametro Rodillo", "Largo Rodillo", "KILOS", "DESECHO (KG)", "KILOS TOTALES", "METROS", "METROS TOTALES", "Kilos Totales Op", "Metros Totales Op", "Desarrollo", "Kilos Acumulados Desde Reparacion", "Metros Remanentes", "Kilos Remanentes", "Metros Acumulados Desde Reparacion", "Nombre Rodillo", "Material"], "data_types": ["number", "number", "number", "number", "number", "number", "number", "number", "number", "number", "number", "number", "number", "number", "number", ["Rodillo 1 superior ESTRUJADOR DESENGRASE", "Rodillo 2 Inferior ESTRUJADOR DESENGRASE", "Rodillo 3 superior ESTRUJADOR ENJUAGUE 1", "Rodillo 4 Inferior ESTRUJADOR ENJUAGUE 1", "Rodillo 6 Inferior ESTRUJADOR ENJUAGUE 2", "Rodillo 7 superior ESTRUJADOR ENJUAGUE 3", "Rodillo 2 Superior ENFRIADOR 1", "Rodillo 5 Superior ENFRIADOR 2", "Rodillo 6 Inferior ENFRIADOR 2", "Rodillo 8 Superior ENFRIADOR 3", "Rodillo 9 Inferior ENFRIADOR 3", "Sin Infromacion", "AZ"], ["S/I", "AL", "ACCO", "GA", "Sin Infromacion"]]}]}