{"one_hot_encoder_metadata": {"25": [], "26": []}, "nombre_etl": "26", "columnas": ["Nombre Rodillo", "Diametro Eje", "Diametro Rodillo", "Largo Rodillo", "KILOS", "DESECHO (KG)", "KILOS TOTALES", "METROS", "METROS TOTALES", "Kilos Totales Op", "Metros Totales Op", "Material", "Desarrollo", "Espesor", "Kilos Acumulados Desde Reparacion", "Metros Acumulados Desde Reparacion", "Metros Remanentes", "Kilos Remanentes"], "informacion_tipos": {"KILOS": "number", "METROS": "number", "Espesor": "number", "Material": "string", "Desarrollo": "number", "DESECHO (KG)": "number", "Diametro Eje": "number", "KILOS TOTALES": "number", "Largo Rodillo": "number", "METROS TOTALES": "number", "Nombre Rodillo": "string", "Diametro Rodillo": "number", "Kilos Remanentes": "number", "Kilos Totales Op": "number", "Metros Remanentes": "number", "Metros Totales Op": "number", "Kilos Acumulados Desde Reparacion": "number", "Metros Acumulados Desde Reparacion": "number"}, "ruta_datos_originales": "/app/colecciones/1721620954691.csv", "operacion_rangos": [], "operacion_seleccion_columnas": {"25": ["Diametro Rodillo", "Kilos Acumulados Desde Reparacion"], "26": ["Kilos Remanentes"]}, "input_data_dict": [{"data_name": "25", "data_dims": [2], "data_columns": ["Diametro Rodillo", "Kilos Acumulados Desde Reparacion"], "data_columns_units": ["", ""]}, {"data_name": "26", "data_dims": [1], "data_columns": ["Kilos Remanentes"], "data_columns_units": [""]}], "metadata_entrada": [{"data_name": "25", "data_input_names": ["Diametro Rodillo", "Kilos Acumulados Desde Reparacion"], "data_types": ["number", "number"]}, {"data_name": "26", "data_input_names": ["Kilos Remanentes"], "data_types": ["number"]}]}