{"input_data_dict": [{"data_name": "24", "data_dims": [33], "data_columns": ["Diametro Eje", "Diametro Rodillo", "Largo Rodillo", "KILOS", "DESECHO (KG)", "KILOS TOTALES", "METROS", "METROS TOTALES", "Kilos Totales Op", "Metros Totales Op", "Desarrollo", "Kilos Acumulados Desde Reparacion", "Metros Remanentes", "Kilos Remanentes", "Metros Acumulados Desde Reparacion", "Nombre Rodillo_CLASE_Rodillo 1 superior ESTRUJADOR DESENGRASE", "Nombre Rodillo_CLASE_Rodillo 2 Inferior ESTRUJADOR DESENGRASE", "Nombre Rodillo_CLASE_Rodillo 3 superior ESTRUJADOR ENJUAGUE 1", "Nombre Rodillo_CLASE_Rodillo 4 Inferior ESTRUJADOR ENJUAGUE 1", "Nombre Rodillo_CLASE_Rodillo 6 Inferior ESTRUJADOR ENJUAGUE 2", "Nombre Rodillo_CLASE_Rodillo 7 superior ESTRUJADOR ENJUAGUE 3", "Nombre Rodillo_CLASE_Rodillo 2 Superior ENFRIADOR 1", "Nombre Rodillo_CLASE_Rodillo 5 Superior ENFRIADOR 2", "Nombre Rodillo_CLASE_Rodillo 6 Inferior ENFRIADOR 2", "Nombre Rodillo_CLASE_Rodillo 8 Superior ENFRIADOR 3", "Nombre Rodillo_CLASE_Rodillo 9 Inferior ENFRIADOR 3", "Nombre Rodillo_CLASE_Sin Infromacion", "Material_CLASE_AZ", "Material_CLASE_S/I", "Material_CLASE_AL", "Material_CLASE_ACCO", "Material_CLASE_GA", "Material_CLASE_Sin Infromacion"], "data_columns_units": ["", "", "", "", "", "", "", "", "", "", "", "", "", "", "", "", ""], "data_columns_original": ["Nombre Rodillo", "Diametro Eje", "Diametro Rodillo", "Largo Rodillo", "KILOS", "DESECHO (KG)", "KILOS TOTALES", "METROS", "METROS TOTALES", "Kilos Totales Op", "Metros Totales Op", "Material", "Desarrollo", "Kilos Acumulados Desde Reparacion", "Metros Remanentes", "Kilos Remanentes", "Metros Acumulados Desde Reparacion"]}], "layers_architecure": [{"tipo": "4", "layer_type": "fully_connected_layer", "color": "#51B9C9", "nombre": "fully_connected_layer_0", "input_tensor": "24", "n_hidden_values": "100", "activation_function": "relu", "cost_string": false, "log": false, "salida": false}, {"tipo": "4", "layer_type": "fully_connected_layer", "color": "#0900E0", "nombre": "fully_connected_layer_1", "input_tensor": "layer_output-fully_connected_layer_0", "n_hidden_values": "100", "activation_function": "relu", "cost_string": false, "log": false, "salida": false}, {"tipo": "4", "layer_type": "fully_connected_layer", "color": "#205E11", "nombre": "fully_connected_layer_2", "input_tensor": "layer_output-fully_connected_layer_1", "n_hidden_values": "1", "activation_function": "none", "cost_string": false, "log": false, "salida": true}, {"tipo": "6", "layer_type": "mean_square_error_layer", "color": "#FCEC23", "nombre": "mean_square_error_layer_3", "input_tensor": "layer_output-fully_connected_layer_2", "labels": "24", "cost_string": true, "log": false, "salida": false}], "training_settings": {"n_epochs": 10000, "batch_size": 10000, "learning_rate": 0.0005, "print_cost_every_n_batch": 10, "early_stopping": 0, "L1_lambda": 0.0001, "L2_lambda": 0.001, "dropout": 0.0, "training_log_outputs": []}, "trainable_parameters_names": ["trainable_parameter_fully_connected_layer_0_W", "trainable_parameter_fully_connected_layer_0_b", "trainable_parameter_fully_connected_layer_1_W", "trainable_parameter_fully_connected_layer_1_b", "trainable_parameter_fully_connected_layer_2_W", "trainable_parameter_fully_connected_layer_2_b"], "layer_output_names": ["layer_output-fully_connected_layer_1", "layer_output-fully_connected_layer_2", "layer_output-fully_connected_layer_0", "layer_output-mean_square_error_layer_3"], "cost_string": "layer_output-mean_square_error_layer_3", "salida": "layer_output-fully_connected_layer_2", "prediccion": false, "normalize_info": {"24": {"max_data": [35, 180, 1080, 2705, 11700, 53535, 31550, 50020, 535500, 500200, 7040, 21115980, 21115980, 18832920, 18832920, 1.0, 1.0, 1.0, 1.0, 1.0, 1.0, 1.0, 1.0, 1.0, 1.0, 1.0, 0, 1.0, 1.0, 1.0, 1.0, 1.0, 0], "min_data": [0, 150, 1060, 0, 0, 0, 0, 0, 0, 0, 0, 140, 180, 0, 0, 0.0, 0.0, 0.0, 0.0, 0.0, 0.0, 0.0, 0.0, 0.0, 0.0, 0.0, 0.0, 0.0, 0.0, 0.0, 0.0, 0.0, 0.0], "upper_bound": 1.0, "lower_bound": 0.0}}}